{"products":[{"id":"0.7722159141155465","qty":3}],"totalPrice":13.649999999999999}